{
    "description": "Atlassian",
    "key": "generic-atlassian-software",
    "packageType": "generic",
    "rclass": "remote",
    "repoLayoutRef": "simple-default",
    "url": "https://repo.ercot.com/artifactory/generic-atlassian-software",
    "listRemoteFolderItems": true,
    "storeArtifactsLocally" : false,
    "contentSynchronisation": {
        "enabled": true,
        "statistics": {
            "enabled": true
        },
        "properties": {
            "enabled": true
        },
        "source": {
            "originAbsenceDetection": true
        }
    }
}