{
    "defaultDeploymentRepo": "maven-ercot",
    "description": "",
    "key": "maven",
    "packageType": "maven",
    "rclass": "virtual",
    "repoLayoutRef": "maven-2-default",
    "repositories": [
        "maven-ercot",
        "maven-ercot-snapshots",
        "maven-ercot-public",
        "maven-atlassian-sdk",
        "maven-thirdparty",
        "maven-central",
        "maven-jcenter",
        "maven-alfresco",
        "maven-alfresco-activiti",
        "maven-jenkins",
        "maven-atlassian-external",
        "maven-atlassian-closedsource",
        "maven-oracle"
    ],
    "xrayIndex": true
}