<?xml version="1.0" encoding="UTF-8"?>
<ruleset xmlns="http://pmd.sourceforge.net/ruleset/2.0.0"
         xmlns:xsi="http://www.w3.org/2001/XMLSchema-instance"
         name="pmd"
         xsi:schemaLocation="http://pmd.sourceforge.net/ruleset/2.0.0 http://pmd.sourceforge.net/ruleset_2_0_0.xsd">
    <description>PMD Plugin preferences rule set</description>
    <exclude-pattern>.*/test/.*</exclude-pattern>
    <rule ref="category/java/bestpractices.xml/AbstractClassWithoutAbstractMethod"/>
    <rule ref="category/java/design.xml/AbstractClassWithoutAnyMethod"/>
    <rule ref="category/java/performance.xml/AddEmptyString"/>
    <rule ref="category/java/performance.xml/AppendCharacterWithChar"/>
    <rule ref="category/java/bestpractices.xml/ArrayIsStoredDirectly"/>
    <rule ref="category/java/errorprone.xml/AssignmentToNonFinalStatic"/>
    <rule ref="category/java/errorprone.xml/AvoidAccessibilityAlteration"/>
    <rule ref="category/java/performance.xml/AvoidArrayLoops"/>
    <rule ref="category/java/errorprone.xml/AvoidAssertAsIdentifier"/>
    <rule ref="category/java/errorprone.xml/AvoidBranchingStatementAsLastInLoop"/>
    <rule ref="category/java/errorprone.xml/AvoidCallingFinalize"/>
    <rule ref="category/java/errorprone.xml/AvoidCatchingNPE"/>
    <rule ref="category/java/errorprone.xml/AvoidCatchingThrowable"/>
    <rule ref="category/java/bestpractices.xml/ConstantsInInterface"/>
    <rule ref="category/java/errorprone.xml/AvoidDecimalLiteralsInBigDecimalConstructor"/>
    <rule ref="category/java/codestyle.xml/AvoidDollarSigns"/>
    <rule ref="category/java/errorprone.xml/AvoidDuplicateLiterals"/>
    <rule ref="category/java/errorprone.xml/AvoidEnumAsIdentifier"/>
    <rule ref="category/java/errorprone.xml/AvoidInstanceofChecksInCatchClause"/>
    <rule ref="category/java/errorprone.xml/AvoidLosingExceptionInformation"/>
    <rule ref="category/java/errorprone.xml/AvoidMultipleUnaryOperators"/>
    <rule ref="category/java/bestpractices.xml/AvoidPrintStackTrace"/>
    <rule ref="category/java/codestyle.xml/AvoidProtectedFieldInFinalClass"/>
    <rule ref="category/java/codestyle.xml/AvoidProtectedMethodInFinalClassNotExtending"/>
    <rule ref="category/java/bestpractices.xml/AvoidReassigningParameters" />
    <rule ref="category/java/design.xml/AvoidRethrowingException"/>
    <rule ref="category/java/bestpractices.xml/AvoidStringBufferField"/>
    <rule ref="category/java/multithreading.xml/AvoidSynchronizedAtMethodLevel"/>
    <rule ref="category/java/multithreading.xml/AvoidThreadGroup"/>
    <rule ref="category/java/design.xml/AvoidThrowingNewInstanceOfSameException"/>
    <rule ref="category/java/design.xml/AvoidThrowingNullPointerException"/>
    <rule ref="category/java/design.xml/AvoidThrowingRawExceptionTypes"/>
    <rule ref="category/java/bestpractices.xml/AvoidUsingHardCodedIP">
        <properties>
            <property name="violationSuppressRegex" value="127.0.0.1|::1"/>
        </properties>
    </rule>
    <rule ref="category/java/codestyle.xml/AvoidUsingNativeCode"/>
    <rule ref="category/java/errorprone.xml/AvoidUsingOctalValues"/>
    <rule ref="category/java/multithreading.xml/AvoidUsingVolatile"/>
    <rule ref="category/java/performance.xml/BigIntegerInstantiation"/>
    <rule ref="category/java/codestyle.xml/BooleanGetMethodName"/>
    <rule ref="category/java/errorprone.xml/BrokenNullCheck"/>
    <rule ref="category/java/errorprone.xml/CallSuperFirst"/>
    <rule ref="category/java/errorprone.xml/CallSuperLast"/>
    <rule ref="category/java/bestpractices.xml/CheckResultSet"/>
    <rule ref="category/java/errorprone.xml/CheckSkipResult"/>
    <rule ref="category/java/errorprone.xml/ClassCastExceptionWithToArray"/>
    <rule ref="category/java/codestyle.xml/ClassNamingConventions"/>
    <rule ref="category/java/design.xml/ClassWithOnlyPrivateConstructorsShouldBeFinal"/>
    <rule ref="category/java/errorprone.xml/CloneMethodMustImplementCloneable"/>
    <rule ref="category/java/errorprone.xml/CloseResource"/>
    <rule ref="category/java/design.xml/CollapsibleIfStatements" />
    <rule ref="category/java/documentation.xml/CommentContent"/>
    <rule ref="category/java/errorprone.xml/CompareObjectsWithEquals"/>
    <rule ref="category/java/performance.xml/ConsecutiveLiteralAppends"/>
    <rule ref="category/java/errorprone.xml/ConstructorCallsOverridableMethod"/>
    <rule ref="category/java/bestpractices.xml/DefaultLabelNotLastInSwitchStmt"/>
    <rule ref="category/java/errorprone.xml/DoNotCallGarbageCollectionExplicitly"/>
    <rule ref="category/java/errorprone.xml/DoNotTerminateVM"/>
    <rule ref="category/java/design.xml/DoNotExtendJavaLangError"/>
    <rule ref="category/java/errorprone.xml/DoNotHardCodeSDCard"/>
    <rule ref="category/java/errorprone.xml/DoNotThrowExceptionInFinally"/>
    <rule ref="category/java/multithreading.xml/DontCallThreadRun"/>
    <rule ref="category/java/errorprone.xml/DontImportSun"/>
    <rule ref="category/jsp/bestpractices.xml/DontNestJsfInJstlIteration"/>
    <rule ref="category/java/errorprone.xml/DontUseFloatTypeForLoopIndices"/>
    <rule ref="category/java/multithreading.xml/DoubleCheckedLocking"/>
    <rule ref="category/jsp/codestyle.xml/DuplicateJspImports"/>
    <rule ref="category/java/errorprone.xml/EmptyFinalizer"/>
    <rule ref="category/java/errorprone.xml/EmptyFinallyBlock"/>
    <rule ref="category/java/errorprone.xml/EmptyCatchBlock">
       <properties>
           <property name="allowCommentedBlocks" value="true"/>
        </properties>
    </rule>
    <rule ref="category/vm/errorprone.xml/EmptyForeachStmt" />
    <rule ref="category/java/errorprone.xml/EmptyIfStmt" />
    <rule ref="category/java/errorprone.xml/EmptyInitializer"/>
    <rule ref="category/java/codestyle.xml/EmptyMethodInAbstractClassShouldBeAbstract"/>
    <rule ref="category/java/errorprone.xml/EmptyStatementBlock"/>
    <rule ref="category/java/errorprone.xml/EmptyStatementNotInLoop"/>
    <rule ref="category/java/errorprone.xml/EmptySwitchStatements"/>
    <rule ref="category/java/errorprone.xml/EmptySynchronizedBlock"/>
    <rule ref="category/java/errorprone.xml/EmptyTryBlock"/>
    <rule ref="category/java/errorprone.xml/EmptyWhileStmt"/>
    <rule ref="category/java/errorprone.xml/EqualsNull"/>
    <rule ref="category/java/design.xml/ExceptionAsFlowControl"/>
    <rule ref="category/java/design.xml/ExcessiveClassLength"/>
    <rule ref="category/java/design.xml/ExcessiveMethodLength"/>
    <rule ref="category/java/design.xml/ExcessiveParameterList"/>
    <rule ref="category/vm/design.xml/ExcessiveTemplateLength" />
    <rule ref="category/java/codestyle.xml/ExtendsObject"/>
    <rule ref="category/java/codestyle.xml/FieldDeclarationsShouldBeAtStartOfClass"/>
    <rule ref="category/java/design.xml/FinalFieldCouldBeStatic"/>
    <rule ref="category/java/errorprone.xml/FinalizeDoesNotCallSuperFinalize"/>
    <rule ref="category/java/errorprone.xml/FinalizeOnlyCallsSuperFinalize"/>
    <rule ref="category/java/errorprone.xml/FinalizeOverloaded"/>
    <rule ref="category/java/errorprone.xml/FinalizeShouldBeProtected"/>
    <rule ref="category/java/codestyle.xml/ForLoopShouldBeWhileLoop"/>
    <rule ref="category/java/codestyle.xml/GenericsNaming"/>
    <rule ref="category/java/errorprone.xml/IdempotentOperations"/>
    <rule ref="category/jsp/security.xml/IframeMissingSrcAttribute"/>
    <rule ref="category/java/design.xml/ImmutableField"/>
    <rule ref="category/java/performance.xml/InefficientEmptyStringCheck"/>
    <rule ref="category/java/errorprone.xml/InstantiationToGetClass"/>
    <rule ref="category/java/performance.xml/InsufficientStringBufferDeclaration"/>
    <rule ref="category/java/bestpractices.xml/JUnit4SuitesShouldUseSuiteAnnotation"/>
    <rule ref="category/java/bestpractices.xml/JUnit4TestShouldUseAfterAnnotation"/>
    <rule ref="category/java/bestpractices.xml/JUnit4TestShouldUseBeforeAnnotation"/>
    <rule ref="category/java/bestpractices.xml/JUnit4TestShouldUseTestAnnotation"/>
    <rule ref="category/java/errorprone.xml/JUnitSpelling"/>
    <rule ref="category/java/errorprone.xml/JUnitStaticSuite"/>
    <rule ref="category/java/bestpractices.xml/JUnitTestsShouldIncludeAssert"/>
    <rule ref="category/jsp/errorprone.xml/JspEncoding"/>
    <rule ref="category/java/errorprone.xml/JumbledIncrementer"/>
    <rule ref="category/java/codestyle.xml/LocalHomeNamingConvention"/>
    <rule ref="category/java/codestyle.xml/LocalInterfaceSessionNamingConvention"/>
    <rule ref="category/java/design.xml/LogicInversion"/>
    <rule ref="category/java/bestpractices.xml/LooseCoupling"/>
    <rule ref="category/java/codestyle.xml/MDBAndSessionBeanNamingConvention"/>
    <rule ref="category/java/codestyle.xml/MethodNamingConventions"/>
    <rule ref="category/java/bestpractices.xml/MethodReturnsInternalArray"/>
    <rule ref="category/java/errorprone.xml/MethodWithSameNameAsEnclosingClass"/>
    <rule ref="category/java/errorprone.xml/MisplacedNullCheck"/>
    <rule ref="category/java/errorprone.xml/ImplicitSwitchFallThrough"/>
    <rule ref="category/java/errorprone.xml/MissingSerialVersionUID"/>
    <rule ref="category/java/errorprone.xml/MissingStaticMethodInNonInstantiatableClass"/>
    <rule ref="category/xml/errorprone.xml/MistypedCDATASection" />
    <rule ref="category/java/errorprone.xml/MoreThanOneLogger"/>
    <rule ref="category/java/design.xml/NPathComplexity"/>
    <rule ref="category/jsp/bestpractices.xml/NoClassAttribute"/>
    <rule ref="category/jsp/bestpractices.xml/NoHtmlComments"/>
    <rule ref="category/vm/design.xml/NoInlineJavaScript" />
    <rule ref="category/jsp/design.xml/NoInlineScript"/>
    <rule ref="category/jsp/design.xml/NoInlineStyleInformation"/>
    <rule ref="category/vm/design.xml/NoInlineStyles" />
    <rule ref="category/jsp/bestpractices.xml/NoJspForward"/>
    <rule ref="category/jsp/design.xml/NoLongScripts"/>
    <rule ref="category/java/codestyle.xml/NoPackage"/>
    <rule ref="category/jsp/design.xml/NoScriptlets"/>
    <rule ref="category/jsp/security.xml/NoUnsanitizedJSPExpression"/>
    <rule ref="category/java/errorprone.xml/NonCaseLabelInSwitchStatement"/>
    <rule ref="category/java/errorprone.xml/NonStaticInitializer"/>
    <rule ref="category/java/multithreading.xml/NonThreadSafeSingleton"/>
    <rule ref="category/java/bestpractices.xml/OneDeclarationPerLine"/>
    <rule ref="category/java/performance.xml/OptimizableToArrayCall"/>
    <rule ref="category/java/errorprone.xml/OverrideBothEqualsAndHashcode"/>
    <rule ref="category/java/codestyle.xml/PackageCase"/>
    <rule ref="category/java/codestyle.xml/PrematureDeclaration"/>
    <rule ref="category/java/bestpractices.xml/PreserveStackTrace"/>
    <rule ref="category/java/errorprone.xml/ProperCloneImplementation"/>
    <rule ref="category/java/errorprone.xml/ProperLogger"/>
    <rule ref="category/java/performance.xml/RedundantFieldInitializer"/>
    <rule ref="category/java/codestyle.xml/RemoteInterfaceNamingConvention"/>
    <rule ref="category/java/codestyle.xml/RemoteSessionInterfaceNamingConvention"/>
    <rule ref="category/java/bestpractices.xml/ReplaceEnumerationWithIterator"/>
    <rule ref="category/java/bestpractices.xml/ReplaceHashtableWithMap"/>
    <rule ref="category/java/bestpractices.xml/ReplaceVectorWithList"/>
    <rule ref="category/java/errorprone.xml/ReturnFromFinallyBlock"/>
    <rule ref="category/java/codestyle.xml/ShortClassName">
       <properties>
           <property name="minimum" value="3"/>
       </properties>
    </rule>
    <rule ref="category/xsl/performance.xml/AvoidAxisNavigation" />
    <rule ref="category/java/design.xml/SignatureDeclareThrowsException"/>
    <rule ref="category/java/errorprone.xml/SimpleDateFormatNeedsLocale"/>
    <rule ref="category/java/design.xml/SimplifyBooleanExpressions"/>
    <rule ref="category/java/design.xml/SimplifyBooleanReturns"/>
    <rule ref="category/java/design.xml/SimplifyConditional"/>
    <rule ref="category/java/design.xml/SingularField"/>
    <rule ref="category/java/errorprone.xml/StaticEJBFieldShouldBeFinal"/>
    <rule ref="category/java/errorprone.xml/StringBufferInstantiationWithChar"/>
    <rule ref="category/java/performance.xml/StringInstantiation"/>
    <rule ref="category/java/performance.xml/StringToString"/>
    <rule ref="category/java/errorprone.xml/SuspiciousEqualsMethodName"/>
    <rule ref="category/java/errorprone.xml/SuspiciousHashcodeMethodName"/>
    <rule ref="category/java/errorprone.xml/SuspiciousOctalEscape"/>
    <rule ref="category/java/design.xml/SwitchDensity"/>
    <rule ref="category/java/bestpractices.xml/SwitchStmtsShouldHaveDefault"/>
    <rule ref="category/java/bestpractices.xml/SystemPrintln"/>
    <rule ref="category/java/errorprone.xml/TestClassWithoutTestCases"/>
    <rule ref="category/java/performance.xml/TooFewBranchesForASwitchStatement"/>
    <rule ref="category/java/design.xml/TooManyFields"/>
    <rule ref="category/java/documentation.xml/UncommentedEmptyMethodBody"/>
    <rule ref="category/java/errorprone.xml/UnconditionalIfStatement"/>
    <rule ref="category/java/errorprone.xml/UnnecessaryBooleanAssertion"/>
    <rule ref="category/java/errorprone.xml/UnnecessaryCaseChange"/>
    <rule ref="category/java/codestyle.xml/UnnecessaryConstructor"/>
    <rule ref="category/java/errorprone.xml/UnnecessaryConversionTemporary"/>
    <rule ref="category/java/codestyle.xml/UnnecessaryFullyQualifiedName"/>
    <rule ref="category/java/codestyle.xml/UnnecessaryLocalBeforeReturn"/>
    <rule ref="category/java/codestyle.xml/UselessParentheses"/>
    <rule ref="category/java/codestyle.xml/UnnecessaryReturn"/>
    <rule ref="category/java/bestpractices.xml/UnusedFormalParameter"/>
    <rule ref="category/java/bestpractices.xml/UnusedLocalVariable"/>
    <rule ref="category/vm/bestpractices.xml/UnusedMacroParameter"/>
    <rule ref="category/java/codestyle.xml/UnnecessaryModifier"/>
    <rule ref="category/java/errorprone.xml/UnusedNullCheckInEquals"/>
    <rule ref="category/java/bestpractices.xml/UnusedPrivateField"/>
    <rule ref="category/java/bestpractices.xml/UnusedPrivateMethod"/>
    <rule ref="category/java/performance.xml/UseArrayListInsteadOfVector"/>
    <rule ref="category/java/performance.xml/UseArraysAsList"/>
    <rule ref="category/java/bestpractices.xml/UseCollectionIsEmpty"/>
    <rule ref="category/xsl/codestyle.xml/UseConcatOnce"/>
    <rule ref="category/java/errorprone.xml/UseCorrectExceptionLogging"/>
    <rule ref="category/java/errorprone.xml/UseEqualsToCompareStrings"/>
    <rule ref="category/java/performance.xml/UseIndexOfChar"/>
    <rule ref="category/java/errorprone.xml/UseLocaleWithCaseConversions"/>
    <rule ref="category/java/multithreading.xml/UseNotifyAllInsteadOfNotify"/>
    <rule ref="category/java/design.xml/UseObjectForClearerAPI"/>
    <rule ref="category/java/errorprone.xml/UseProperClassLoader"/>
    <rule ref="category/java/performance.xml/UseStringBufferForStringAppends"/>
    <rule ref="category/java/performance.xml/UseStringBufferLength"/>
    <rule ref="category/java/design.xml/UseUtilityClass"/>
    <rule ref="category/java/errorprone.xml/UselessOperationOnImmutable"/>
    <rule ref="category/java/performance.xml/UselessStringValueOf"/>
</ruleset>
