{
    "description": "nginx",
    "key": "rpm-nginx",
    "packageType": "rpm",
    "rclass": "remote",
    "repoLayoutRef": "simple-default",
    "url": "https://repo.ercot.com/artifactory/rpm-nginx",
    "storeArtifactsLocally" : false,
    "listRemoteFolderItems": true,
    "contentSynchronisation": {
        "enabled": true,
        "statistics": {
            "enabled": true
        },
        "properties": {
            "enabled": true
        },
        "source": {
            "originAbsenceDetection": true
        }
    }
}
